,Month,day,DayOfWeek,IsWeekend,PRCP,SNOW,SNWD,TMIN,TMAX,Crash Count,SHOOTING_INCIDENT_COUNT,FIRE_INCIDENT_COUNT,EVRNT_COUNT,Minutes Late Lag1,Minutes Late Lag7,Minutes Late Lag14,Delay Category
0,1,1,5,1,0.04,0.0,1.09,19.25,30.7,54.35,0.64,509.03,2.59,11.94,12.62,13.14,3rd Party Operations
1,1,2,5,1,0.06,0.4,0.21,23.6,36.51,70.66,0.25,430.45,3.75,8.86,8.57,9.1,Maintenance of Equipment
2,1,3,6,1,0.13,0.73,1.32,23.23,33.14,71.72,0.46,442.15,3.41,11.16,11.18,10.21,Weather & Environmental
3,1,4,0,0,0.31,3.9,0.78,20.0,33.34,54.32,0.14,503.61,2.9,13.6,13.55,13.77,Weather & Environmental
4,1,5,1,0,0.02,0.0,4.0,14.14,26.76,88.15,0.43,494.09,5.15,18.0,18.34,18.33,Weather & Environmental
5,1,6,2,0,0.05,0.34,1.27,22.67,33.66,73.87,0.52,370.09,4.22,9.59,10.16,11.03,Weather & Environmental
6,1,7,3,0,0.09,1.38,1.35,16.77,27.83,78.45,0.47,384.49,4.15,11.44,11.2,11.32,Weather & Environmental
7,1,8,4,0,0.03,0.01,1.81,19.05,31.92,88.64,0.15,549.97,3.64,11.9,11.98,12.01,Weather & Environmental
8,1,9,6,1,0.02,0.28,1.71,23.06,34.3,93.85,0.19,512.96,3.61,9.77,9.84,10.09,Engineering (Unscheduled)
9,1,10,6,1,0.06,0.0,1.66,27.29,41.51,88.4,0.23,450.09,3.46,9.95,9.92,9.83,3rd Party Operations
10,1,11,0,0,0.2,0.2,0.69,32.94,44.07,75.49,0.23,404.7,4.43,9.65,9.39,9.38,Engineering (Unscheduled)
11,1,12,1,0,0.38,1.74,2.56,34.22,46.83,60.24,0.33,404.6,3.32,9.97,10.47,10.37,Weather & Environmental
12,1,13,2,0,0.0,0.0,1.92,26.7,40.84,66.08,0.15,324.69,2.62,10.86,10.63,10.68,Weather & Environmental
13,1,14,3,0,0.07,0.02,1.47,30.32,42.53,65.91,0.39,329.27,3.59,11.24,10.83,10.34,3rd Party Operations
14,1,15,4,0,0.02,0.0,0.11,30.44,41.09,92.06,0.36,325.59,3.21,9.44,9.3,10.19,Engineering (Unscheduled)
15,1,16,5,1,0.16,0.05,0.05,27.58,40.96,74.72,0.15,334.25,4.15,10.43,10.76,10.01,Customers
16,1,17,6,1,0.22,0.17,0.0,27.39,38.36,78.5,0.14,359.09,3.87,10.47,10.26,10.02,3rd Party Operations
17,1,18,0,0,0.34,0.4,1.23,25.44,39.15,60.53,0.48,342.83,3.73,10.3,10.41,11.0,Weather & Environmental
18,1,19,1,0,0.02,0.01,0.34,27.04,39.0,70.84,0.09,350.18,4.07,10.39,10.61,9.91,3rd Party Operations
19,1,20,2,0,0.04,0.0,0.2,29.58,39.97,47.18,0.07,314.27,3.19,11.05,10.53,10.56,Customers
20,1,21,3,0,0.2,3.57,1.09,16.69,29.72,88.24,0.29,349.99,3.04,14.01,13.71,13.03,Weather & Environmental
21,1,22,4,0,0.01,0.13,3.24,17.36,30.36,81.12,0.32,382.34,3.32,10.9,11.54,13.03,Weather & Environmental
22,1,23,5,1,0.61,4.89,2.37,24.37,36.76,87.49,0.12,414.91,3.69,11.64,11.56,12.14,Weather & Environmental
23,1,24,6,1,0.17,0.1,2.99,17.59,30.76,76.72,0.38,420.36,2.87,11.48,11.59,11.22,Engineering (Unscheduled)
24,1,25,0,0,0.1,0.25,7.9,26.76,37.94,95.97,0.1,414.88,4.12,12.44,12.23,11.53,Weather & Environmental
25,1,26,1,0,0.25,2.51,5.87,30.23,39.9,78.78,0.33,370.44,2.98,10.2,10.57,11.02,Weather & Environmental
26,1,27,2,0,0.41,3.77,12.78,27.51,38.0,36.3,0.13,341.95,2.65,11.01,10.8,11.08,Weather & Environmental
27,1,28,3,0,0.01,0.06,8.75,23.94,35.95,61.94,0.07,385.81,2.84,12.37,12.36,11.99,Weather & Environmental
28,1,29,4,0,0.08,0.4,1.92,20.64,33.04,86.31,0.2,318.56,2.63,10.26,10.54,10.7,3rd Party Operations
29,1,30,5,1,0.03,0.33,1.69,19.85,34.08,77.66,0.45,297.35,3.96,10.98,10.69,10.67,Weather & Environmental
30,1,31,6,1,0.19,0.06,3.48,21.14,36.87,73.74,0.71,289.38,3.81,12.28,12.0,11.84,Weather & Environmental
31,2,1,0,0,0.37,2.91,5.74,25.3,35.88,51.25,0.53,269.55,3.65,12.61,13.01,12.61,Weather & Environmental
32,2,2,1,0,0.55,2.1,6.53,22.96,38.5,67.01,1.64,391.5,2.39,11.95,11.96,12.35,Weather & Environmental
33,2,3,2,0,0.18,0.8,5.01,23.24,36.83,102.3,0.11,360.08,2.67,11.5,11.84,12.19,Weather & Environmental
34,2,4,3,0,0.03,0.0,4.19,32.97,49.32,79.73,0.4,374.62,3.69,10.74,10.7,10.86,Engineering (Unscheduled)
35,2,5,4,0,0.66,2.11,4.19,29.25,39.44,100.23,0.41,384.57,3.36,14.47,13.72,12.76,Weather & Environmental
36,2,6,5,1,0.11,0.0,3.71,25.3,36.9,96.93,0.23,351.3,3.5,13.03,12.71,13.32,Police
37,2,7,0,0,0.23,0.21,3.38,31.4,41.67,81.31,0.38,343.49,4.17,10.13,10.74,11.22,Customers
38,2,8,0,0,0.14,0.43,1.25,31.6,49.87,81.28,0.35,343.94,4.24,13.12,13.13,13.06,Engineering (Unscheduled)
39,2,9,1,0,0.55,4.53,3.45,22.47,39.23,64.95,0.32,343.43,4.37,14.7,14.96,14.97,Weather & Environmental
40,2,10,2,0,0.21,1.41,6.65,23.36,34.02,84.29,0.15,379.24,3.8,11.18,11.06,10.91,Weather & Environmental
41,2,11,3,0,0.12,0.05,5.89,26.79,38.04,67.45,0.18,346.52,2.97,10.68,10.48,10.33,Weather & Environmental
42,2,12,4,0,0.15,0.2,3.2,23.82,35.4,89.29,0.14,355.7,4.01,10.18,10.67,10.54,Maintenance of Equipment
43,2,13,5,1,0.4,1.93,5.22,22.97,33.78,109.38,0.32,391.69,3.59,12.73,12.62,12.49,Weather & Environmental
44,2,14,6,1,0.08,0.82,5.76,24.18,38.08,98.99,0.37,392.99,4.62,10.15,9.83,10.75,Weather & Environmental
45,2,15,0,0,0.11,0.3,2.23,27.87,44.26,78.28,0.36,423.94,3.46,11.26,11.38,11.38,Customers
46,2,16,1,0,0.33,1.6,2.95,30.71,42.31,52.1,0.28,366.72,3.71,11.62,11.45,11.43,3rd Party Operations
47,2,17,2,0,0.14,2.16,7.27,22.07,34.58,89.78,1.0,495.03,3.93,17.64,16.52,16.05,Weather & Environmental
48,2,18,3,0,0.11,0.66,5.86,27.41,39.54,63.0,0.16,284.45,3.51,12.83,14.46,13.35,Engineering (Unscheduled)
49,2,19,4,0,0.08,0.2,5.15,26.58,40.68,77.07,0.22,286.35,3.28,9.9,10.16,11.37,Weather & Environmental
50,2,20,5,1,0.06,0.12,6.81,21.3,36.85,110.96,0.49,418.29,3.46,16.14,15.82,15.14,Weather & Environmental
51,2,21,6,1,0.09,0.34,3.33,30.89,45.58,83.58,0.14,360.53,3.12,10.32,10.73,11.37,Maintenance of Equipment
52,2,22,0,0,0.1,0.11,2.37,33.38,50.17,58.51,0.34,272.27,3.78,10.48,10.54,11.19,Police
53,2,23,1,0,0.11,0.0,4.37,26.99,45.52,72.64,0.45,359.56,3.41,11.13,9.82,9.71,Customers
54,2,24,2,0,0.23,0.0,3.81,28.65,45.68,78.91,0.14,370.75,3.63,10.27,10.51,9.56,Weather & Environmental
55,2,25,3,0,0.4,1.15,1.81,30.64,46.66,69.81,0.55,348.51,3.49,9.52,10.47,10.54,Other
56,2,26,4,0,0.56,5.41,7.84,26.87,35.81,38.97,0.43,344.08,2.89,11.61,11.42,11.91,Weather & Environmental
57,2,27,5,1,0.33,0.0,1.32,28.24,41.65,71.69,0.32,299.12,3.93,10.3,10.36,10.21,Police
58,2,28,6,1,0.04,0.03,1.68,27.56,40.88,91.22,0.56,336.69,4.09,10.03,9.73,9.85,Police
59,2,29,2,0,0.16,0.0,0.0,32.79,40.68,33.42,0.16,349.53,3.29,11.29,11.26,10.16,Engineering (Scheduled)
60,3,1,0,0,0.14,0.66,1.85,32.94,45.46,61.45,0.11,253.6,4.03,9.65,9.74,9.47,Capital Projects
61,3,2,1,0,0.65,0.11,3.31,31.09,44.21,92.37,0.14,386.46,3.92,12.82,12.69,12.08,Weather & Environmental
62,3,3,2,0,0.22,0.54,4.03,30.17,44.09,81.14,0.47,361.32,5.03,10.01,10.05,10.82,Weather & Environmental
63,3,4,3,0,0.09,0.17,4.27,30.29,42.06,80.69,0.08,375.64,4.15,8.28,8.61,9.24,Weather & Environmental
64,3,5,4,0,0.24,2.35,4.66,27.26,42.93,93.64,0.12,355.81,4.04,11.09,11.13,10.68,Weather & Environmental
65,3,6,5,1,0.05,0.0,6.97,23.03,37.16,118.23,0.14,367.69,4.29,9.14,9.49,9.92,Weather & Environmental
66,3,7,6,1,0.42,0.9,0.98,31.78,45.56,68.1,0.29,363.44,3.63,13.17,12.79,12.41,Weather & Environmental
67,3,8,0,0,0.13,0.95,1.37,35.96,50.48,78.96,0.37,339.88,4.15,10.82,10.8,10.8,Engineering (Unscheduled)
68,3,9,1,0,0.04,0.03,2.34,40.28,60.0,81.58,0.36,316.21,3.95,10.08,9.88,9.66,Customers
69,3,10,2,0,0.1,0.18,0.65,39.43,53.45,68.39,0.33,272.49,4.92,10.99,10.73,10.99,Customers
70,3,11,3,0,0.07,0.0,0.41,38.97,55.47,78.27,0.64,312.05,3.94,11.4,12.26,12.57,Police
71,3,12,4,0,0.18,0.0,0.12,37.41,49.77,72.25,0.21,278.07,4.36,9.99,9.68,9.73,Police
72,3,13,5,1,0.89,0.0,0.11,33.92,48.57,62.36,0.37,352.43,4.87,12.49,12.4,11.92,3rd Party Operations
73,3,14,6,1,0.72,2.4,1.28,31.96,44.75,56.43,0.42,349.82,3.72,11.07,10.7,10.83,Weather & Environmental
74,3,15,0,0,0.08,0.0,0.46,36.01,49.66,73.43,0.41,346.35,4.37,10.07,10.66,10.97,Maintenance of Equipment
75,3,16,1,0,0.05,0.02,0.31,34.17,46.43,82.25,0.41,336.64,4.68,10.07,9.65,9.96,Other
76,3,17,2,0,0.02,0.0,0.77,36.79,54.32,63.38,0.78,371.38,4.93,12.96,13.06,12.44,Special Events
77,3,18,3,0,0.09,0.36,0.09,34.17,47.15,88.62,0.92,331.89,3.22,16.07,15.78,15.5,3rd Party Operations
78,3,19,4,0,0.25,0.0,0.95,34.72,47.78,83.04,0.17,296.65,3.2,10.5,11.45,11.54,Other
79,3,20,5,1,0.05,0.52,0.0,34.57,49.65,86.54,0.39,328.69,3.12,9.97,10.2,10.24,Other
80,3,21,6,1,0.15,0.91,0.17,36.88,49.04,73.89,0.41,329.05,3.31,9.93,8.92,9.44,Other
81,3,22,0,0,0.18,0.05,1.93,34.17,50.21,87.6,0.49,366.51,4.27,10.35,10.11,10.0,Weather & Environmental
82,3,23,1,0,0.05,0.0,0.41,34.91,49.76,86.06,0.62,345.71,4.22,8.67,9.58,9.37,3rd Party Operations
83,3,24,2,0,0.11,0.07,0.07,35.36,52.09,73.55,0.27,323.28,4.5,8.91,8.88,9.36,3rd Party Operations
84,3,25,3,0,0.04,0.0,0.0,38.38,50.96,64.82,0.3,306.64,3.82,12.24,12.28,10.93,3rd Party Operations
85,3,26,4,0,0.03,0.0,0.0,35.42,51.57,77.45,0.18,293.65,3.36,11.57,11.66,11.91,Engineering (Unscheduled)
86,3,27,5,1,0.05,0.0,0.0,33.3,48.99,82.31,0.08,349.82,3.88,10.89,10.44,11.02,Police
87,3,28,6,1,0.11,0.0,0.0,35.27,51.06,74.79,0.38,326.47,3.66,10.69,11.1,12.09,Customers
88,3,29,0,0,0.6,0.0,0.0,43.25,53.4,44.5,0.07,294.29,3.77,10.71,11.02,10.37,3rd Party Operations
89,3,30,1,0,0.86,0.0,0.0,39.61,54.02,57.53,0.39,358.85,3.85,10.7,10.2,10.26,Transportation
90,3,31,2,0,0.25,0.0,0.0,41.01,56.0,76.0,0.4,328.27,3.89,10.71,10.46,10.6,Other
91,4,1,3,0,0.04,0.0,0.0,37.93,54.26,75.58,0.42,331.43,4.38,10.73,10.6,10.72,Customers
92,4,2,4,0,0.1,0.8,0.74,39.2,54.93,78.18,0.3,333.28,4.15,9.29,9.85,10.21,Customers
93,4,3,5,1,0.06,0.0,0.0,43.7,59.63,92.4,0.18,384.87,4.28,10.1,10.47,9.87,3rd Party Operations
94,4,4,6,1,0.57,0.0,0.0,41.83,53.96,83.14,0.36,374.15,3.44,8.6,8.77,9.22,3rd Party Operations
95,4,5,0,0,0.02,0.0,0.0,41.7,58.89,67.55,0.62,370.55,4.32,8.88,8.9,7.93,3rd Party Operations
96,4,6,1,0,0.26,0.0,0.0,39.9,58.57,83.39,0.23,347.5,5.46,8.95,9.32,10.3,3rd Party Operations
97,4,7,2,0,0.11,0.0,0.0,45.13,63.2,73.47,0.74,357.09,3.9,9.07,8.39,8.92,3rd Party Operations
98,4,8,3,0,0.05,0.0,0.0,45.37,60.33,74.55,0.31,329.8,4.16,10.02,9.65,9.44,Customers
99,4,9,4,0,0.07,0.0,0.0,41.48,56.48,67.66,0.34,347.42,4.29,10.44,9.17,8.7,Police
100,4,10,5,1,0.18,0.0,0.0,46.5,64.02,90.44,0.31,345.44,3.52,14.14,15.1,14.37,Transportation
101,4,11,6,1,0.01,0.0,0.0,49.23,68.01,69.16,0.84,317.2,4.88,10.3,10.83,12.19,Engineering (Unscheduled)
102,4,12,0,0,0.23,0.0,0.0,47.86,64.41,62.68,1.74,323.81,3.8,8.69,9.4,9.6,Customers
103,4,13,1,0,0.14,0.0,0.0,50.19,67.72,75.16,0.47,340.69,4.56,9.23,8.69,8.71,Customers
104,4,14,2,0,0.0,0.0,0.0,50.39,69.0,60.01,0.36,335.92,3.85,11.57,10.98,10.3,Police
105,4,15,3,0,0.35,0.0,0.0,45.3,66.51,63.63,0.43,322.28,3.95,11.25,10.65,10.94,Weather & Environmental
106,4,16,4,0,0.79,0.0,0.0,44.1,62.92,79.85,0.53,374.9,4.28,9.95,11.27,10.7,Customers
107,4,17,5,1,0.02,0.0,0.0,49.62,64.01,71.18,0.33,355.79,4.16,9.25,9.24,10.1,Police
108,4,18,6,1,0.04,0.0,0.0,45.71,63.86,71.08,0.37,343.92,3.79,10.29,9.79,10.02,3rd Party Operations
109,4,19,0,0,0.08,0.0,0.0,49.23,64.52,74.99,0.4,346.75,4.54,8.72,9.4,8.96,Customers
110,4,20,1,0,0.32,0.0,0.0,47.66,63.9,69.17,0.2,335.61,4.98,10.65,10.03,9.61,Customers
111,4,21,2,0,0.11,0.0,0.0,46.28,63.84,71.18,0.39,283.41,5.22,8.89,8.8,9.57,Customers
112,4,22,3,0,0.09,0.0,0.0,49.68,65.77,72.06,0.42,295.59,5.54,10.27,10.61,9.54,Customers
113,4,23,4,0,0.08,0.0,0.0,46.59,65.61,67.52,0.35,341.13,4.78,8.33,8.73,9.59,Customers
114,4,24,5,1,0.02,0.0,0.0,46.35,64.38,83.24,1.0,333.86,4.64,10.01,9.75,8.87,3rd Party Operations
115,4,25,6,1,0.45,0.0,0.0,46.93,59.89,99.87,0.17,348.92,5.36,9.28,8.57,9.6,3rd Party Operations
116,4,26,0,0,0.32,0.0,0.0,50.28,63.6,73.67,0.19,325.25,5.08,9.57,10.47,9.25,3rd Party Operations
117,4,27,1,0,0.02,0.0,0.0,46.89,61.46,59.41,0.61,325.44,5.41,11.13,10.74,10.22,Police
118,4,28,2,0,0.03,0.0,0.0,48.3,68.5,78.03,0.19,324.69,4.83,11.54,10.78,11.26,3rd Party Operations
119,4,29,3,0,0.02,0.0,0.0,48.88,66.68,75.25,0.26,323.26,4.86,8.64,10.97,11.6,Customers
120,4,30,4,0,0.43,0.0,0.0,46.94,63.1,92.42,0.19,351.83,5.6,10.54,9.36,10.26,Other
121,5,1,5,1,0.08,0.0,0.0,49.24,73.36,86.88,0.29,429.97,5.11,9.0,9.52,9.05,Customers
122,5,2,6,1,0.02,0.0,0.0,54.91,70.86,104.09,0.28,370.49,5.35,9.84,9.79,9.79,Customers
123,5,3,0,0,0.16,0.0,0.0,60.53,77.92,95.03,0.3,430.53,6.41,11.88,11.83,11.85,3rd Party Operations
124,5,4,1,0,0.05,0.0,0.0,56.79,75.6,71.16,0.31,382.53,5.58,10.31,10.03,9.68,Transportation
125,5,5,2,0,0.84,0.0,0.0,53.0,67.93,77.87,0.51,373.17,5.51,11.96,11.53,11.28,Engineering (Unscheduled)
126,5,6,3,0,0.08,0.0,0.0,51.23,67.78,56.49,0.16,253.04,6.63,12.12,11.27,11.38,Other
127,5,7,4,0,0.02,0.0,0.0,51.2,70.42,71.7,0.47,357.21,4.8,12.2,13.74,13.2,Maintenance of Equipment
128,5,8,5,1,0.39,0.0,0.0,49.91,64.4,95.33,0.24,390.65,5.24,10.58,10.31,10.97,Maintenance of Equipment
129,5,9,6,1,0.06,0.0,0.0,51.02,65.78,82.07,0.3,363.05,5.56,9.2,9.73,9.99,3rd Party Operations
130,5,10,0,0,0.06,0.0,0.0,51.61,68.17,87.69,0.3,359.62,6.16,8.22,8.16,8.43,3rd Party Operations
131,5,11,1,0,0.05,0.0,0.0,52.77,69.18,71.23,0.28,300.46,5.86,9.61,9.83,9.23,Customers
132,5,12,2,0,0.11,0.0,0.0,51.9,68.54,83.65,0.26,371.51,7.07,10.15,8.93,9.98,3rd Party Operations
133,5,13,3,0,0.14,0.0,0.0,50.5,66.35,62.9,0.25,333.85,5.25,11.84,12.08,9.98,3rd Party Operations
134,5,14,4,0,0.04,0.0,0.0,52.95,69.51,86.96,0.28,337.56,5.23,10.08,10.14,11.86,Customers
135,5,15,5,1,0.14,0.0,0.0,54.86,72.95,105.06,0.23,371.29,6.39,9.94,9.23,9.39,Customers
136,5,16,6,1,0.23,0.0,0.0,57.46,73.72,100.21,0.35,367.64,4.86,8.92,10.27,8.87,3rd Party Operations
137,5,17,0,0,0.11,0.0,0.0,56.82,72.67,92.91,0.61,353.7,5.84,9.0,8.97,10.26,Customers
138,5,18,1,0,0.19,0.0,0.0,58.77,73.67,88.67,0.5,382.38,6.21,10.78,10.74,9.84,Customers
139,5,19,2,0,0.06,0.0,0.0,54.41,72.64,83.02,0.35,369.51,5.74,12.36,11.54,11.18,3rd Party Operations
140,5,20,3,0,0.05,0.0,0.0,56.32,75.03,87.67,0.33,352.4,6.14,9.62,10.67,11.54,Customers
141,5,21,4,0,0.11,0.0,0.0,60.02,77.38,84.78,0.4,342.92,5.1,8.66,8.78,9.65,Customers
142,5,22,5,1,0.19,0.0,0.0,58.15,71.93,96.04,0.25,319.21,5.71,9.24,9.22,8.39,Customers
143,5,23,6,1,0.3,0.0,0.0,57.36,73.93,90.09,0.54,363.68,4.8,9.9,9.69,9.24,Customers
144,5,24,0,0,0.12,0.0,0.0,57.83,71.61,68.79,0.37,333.97,5.29,9.2,9.54,10.63,Customers
145,5,25,1,0,0.1,0.0,0.0,59.74,77.36,70.73,0.82,374.44,5.57,10.49,10.27,9.91,Other
146,5,26,2,0,0.04,0.0,0.0,63.18,84.07,58.32,0.99,373.75,5.96,10.47,10.12,9.4,Special Events
147,5,27,3,0,0.06,0.0,0.0,64.99,83.24,83.64,1.19,368.57,5.59,10.69,11.0,11.23,Special Events
148,5,28,4,0,0.2,0.0,0.0,61.44,75.19,80.88,0.97,317.68,5.21,11.17,10.83,11.03,Customers
149,5,29,5,1,0.16,0.0,0.0,61.3,80.21,81.69,0.53,387.1,4.91,10.67,10.92,10.67,Police
150,5,30,6,1,0.15,0.0,0.0,59.87,70.9,89.76,0.5,377.83,6.1,20.59,20.66,19.95,3rd Party Operations
151,5,31,0,0,0.16,0.0,0.0,64.0,82.49,85.3,0.29,358.4,6.07,10.2,9.98,11.94,Customers
152,6,1,1,0,0.14,0.0,0.0,58.94,76.63,97.55,0.29,377.63,6.61,10.68,10.85,10.67,3rd Party Operations
153,6,2,2,0,0.2,0.0,0.0,59.07,75.18,76.84,0.63,368.81,7.23,10.33,10.15,9.87,3rd Party Operations
154,6,3,3,0,0.12,0.0,0.0,60.26,74.78,78.61,0.42,320.39,5.76,13.58,13.75,13.8,Capital Projects
155,6,4,4,0,0.08,0.0,0.0,58.89,75.57,73.61,0.37,361.21,6.48,11.62,10.8,10.45,Engineering (Unscheduled)
156,6,5,5,1,0.24,0.0,0.0,60.4,75.48,95.71,0.31,362.08,5.22,11.72,12.45,12.85,Customers
157,6,6,6,1,0.03,0.0,0.0,62.02,77.01,80.83,0.41,315.84,6.17,10.54,10.64,10.2,Customers
158,6,7,0,0,0.28,0.0,0.0,60.96,76.91,89.35,0.71,371.95,6.4,10.48,10.37,10.64,3rd Party Operations
159,6,8,1,0,0.15,0.0,0.0,59.43,77.16,84.61,0.42,359.66,6.09,10.97,10.24,10.72,Customers
160,6,9,2,0,0.32,0.0,0.0,62.68,80.71,81.62,0.55,363.63,7.61,12.99,12.5,11.14,Engineering (Unscheduled)
161,6,10,3,0,0.15,0.0,0.0,63.73,79.26,71.61,0.37,338.35,7.35,11.24,12.6,12.92,Customers
162,6,11,4,0,0.11,0.0,0.0,63.74,77.68,70.56,0.46,339.12,5.86,10.12,10.39,10.45,Police
163,6,12,5,1,0.12,0.0,0.0,67.53,82.14,79.78,0.4,408.05,5.67,11.04,10.0,11.48,Customers
164,6,13,6,1,0.24,0.0,0.0,66.29,80.26,88.54,0.44,403.39,6.35,10.87,10.62,10.06,Customers
165,6,14,0,0,0.13,0.0,0.0,62.6,79.42,90.06,0.31,383.49,6.06,9.22,10.51,9.55,Customers
166,6,15,1,0,0.11,0.0,0.0,61.97,80.38,77.27,0.35,337.2,6.0,12.03,10.94,10.91,Customers
167,6,16,2,0,0.04,0.0,0.0,63.33,76.83,77.97,0.51,363.55,6.89,11.09,11.34,12.29,Customers
168,6,17,3,0,0.43,0.0,0.0,66.39,79.95,75.7,0.41,354.52,5.48,12.24,12.36,11.79,Other
169,6,18,4,0,0.13,0.0,0.0,65.96,83.8,98.8,0.54,381.87,4.88,8.46,9.06,9.96,3rd Party Operations
170,6,19,5,1,0.37,0.0,0.0,68.02,82.36,91.02,1.35,427.99,5.72,10.39,9.66,9.73,Customers
171,6,20,6,1,0.04,0.0,0.0,67.32,83.64,73.41,0.9,388.61,5.53,9.68,10.37,10.37,Customers
172,6,21,0,0,0.17,0.0,0.0,69.13,83.92,84.75,0.67,379.54,6.91,10.78,10.53,10.02,Customers
173,6,22,1,0,0.13,0.0,0.0,66.74,83.06,73.26,0.42,384.81,6.05,12.22,11.52,11.71,Weather & Environmental
174,6,23,2,0,0.02,0.0,0.0,69.16,84.23,75.81,0.65,367.4,6.12,14.83,14.01,13.34,Other
175,6,24,3,0,0.17,0.0,0.0,69.4,84.58,70.84,1.13,379.64,6.19,11.33,11.97,12.67,Customers
176,6,25,4,0,0.07,0.0,0.0,66.5,82.07,62.89,0.32,349.66,6.14,11.67,11.7,11.96,Customers
177,6,26,5,1,0.01,0.0,0.0,67.83,82.65,77.86,0.61,327.31,6.86,11.26,11.85,11.14,Engineering (Unscheduled)
178,6,27,6,1,0.13,0.0,0.0,65.78,80.8,63.12,0.28,364.62,5.5,8.73,9.23,10.36,3rd Party Operations
179,6,28,0,0,0.17,0.0,0.0,68.7,83.24,82.12,0.54,395.52,5.87,10.23,9.87,9.32,Customers
180,6,29,1,0,0.05,0.0,0.0,68.5,85.28,87.52,1.64,417.47,5.4,12.17,12.0,11.76,3rd Party Operations
181,6,30,2,0,0.03,0.0,0.0,69.98,85.88,68.94,0.73,381.98,6.33,14.25,14.48,14.82,Engineering (Unscheduled)
182,7,1,3,0,0.19,0.0,0.0,68.99,84.94,78.22,0.43,360.42,5.21,11.49,11.28,11.14,Customers
183,7,2,4,0,0.1,0.0,0.0,70.73,86.63,84.62,0.74,376.58,4.8,10.63,10.7,10.53,Customers
184,7,3,5,1,0.34,0.0,0.0,71.71,86.19,99.42,0.73,399.55,4.39,12.86,11.96,11.25,Special Events
185,7,4,6,1,0.07,0.0,0.0,70.19,85.07,50.34,1.16,345.22,5.3,14.64,14.0,15.4,Special Events
186,7,5,0,0,0.08,0.0,0.0,72.24,88.61,71.81,1.21,362.6,4.76,13.02,13.52,13.95,Special Events
187,7,6,1,0,0.06,0.0,0.0,72.93,89.15,82.51,0.96,385.1,4.98,12.11,12.1,11.71,Police
188,7,7,2,0,0.09,0.0,0.0,73.13,88.73,73.75,0.26,384.23,5.21,11.2,11.51,11.49,Engineering (Unscheduled)
189,7,8,3,0,0.24,0.0,0.0,68.82,85.91,78.68,0.5,372.55,7.0,11.9,12.29,12.27,3rd Party Operations
190,7,9,4,0,0.32,0.0,0.0,70.12,85.29,86.98,0.66,327.25,5.45,11.44,11.12,11.68,3rd Party Operations
191,7,10,5,1,0.2,0.0,0.0,71.13,84.68,91.54,0.27,420.66,6.1,10.24,10.56,10.07,Customers
192,7,11,6,1,0.14,0.0,0.0,71.65,85.66,85.51,0.33,368.31,6.05,10.38,10.44,10.0,Customers
193,7,12,0,0,0.15,0.0,0.0,70.92,86.14,95.77,0.29,379.24,6.23,9.74,9.89,10.73,Customers
194,7,13,1,0,0.04,0.0,0.0,69.93,85.15,79.9,0.94,441.08,8.26,12.0,12.03,12.08,Police
195,7,14,2,0,0.21,0.0,0.0,71.25,84.47,73.01,0.54,356.64,7.03,10.7,9.92,9.86,Customers
196,7,15,3,0,0.29,0.0,0.0,72.41,86.54,96.51,2.01,377.5,5.6,12.12,12.4,11.51,Customers
197,7,16,4,0,0.04,0.0,0.0,71.98,88.53,85.68,0.61,404.49,6.37,11.77,11.52,11.86,Customers
198,7,17,5,1,0.66,0.0,0.0,72.37,89.0,101.25,1.17,407.85,6.0,14.52,14.34,14.57,Transportation
199,7,18,6,1,0.34,0.0,0.0,71.65,88.92,100.63,0.16,412.11,5.53,11.49,11.82,11.77,Other
200,7,19,0,0,0.01,0.0,0.0,74.47,88.55,105.11,0.67,413.14,6.39,11.63,11.55,11.68,3rd Party Operations
201,7,20,1,0,0.04,0.0,0.0,75.43,89.31,100.72,0.38,416.98,6.18,10.17,10.59,11.15,Customers
202,7,21,2,0,0.09,0.0,0.0,72.67,88.77,74.61,0.81,403.11,6.7,10.88,10.18,10.23,Customers
203,7,22,3,0,0.65,0.0,0.0,72.8,89.83,74.68,0.27,412.97,6.07,13.71,13.32,12.75,Customers
204,7,23,4,0,0.24,0.0,0.0,72.18,83.8,80.39,0.8,407.61,5.58,10.39,11.45,11.51,Customers
205,7,24,5,1,0.05,0.0,0.0,71.38,84.69,91.5,0.37,398.11,5.66,11.15,10.68,10.31,Maintenance of Equipment
206,7,25,6,1,0.51,0.0,0.0,70.21,86.66,86.02,0.45,411.26,5.83,15.07,14.94,15.51,Weather & Environmental
207,7,26,0,0,0.11,0.0,0.0,69.82,86.65,93.86,0.39,385.93,6.57,10.18,10.6,10.62,Customers
208,7,27,1,0,0.07,0.0,0.0,71.02,87.42,105.3,0.35,429.4,7.85,12.84,12.87,12.24,Police
209,7,28,2,0,0.05,0.0,0.0,72.0,86.64,83.34,0.66,380.42,7.68,10.12,9.96,10.94,Customers
210,7,29,3,0,0.29,0.0,0.0,70.98,85.08,70.03,0.72,397.0,5.76,12.62,12.3,11.7,Customers
211,7,30,4,0,0.38,0.0,0.0,70.68,84.12,84.16,0.4,386.98,5.65,9.41,10.13,11.0,Customers
212,7,31,5,1,0.18,0.0,0.0,68.84,84.53,86.44,0.65,375.9,5.88,10.15,10.05,10.21,Customers
213,8,1,6,1,0.08,0.0,0.0,71.52,86.55,83.52,0.59,407.65,6.09,12.36,12.48,11.38,3rd Party Operations
214,8,2,0,0,0.14,0.0,0.0,71.61,86.19,66.37,0.68,367.76,5.76,11.87,11.68,12.62,Customers
215,8,3,1,0,0.17,0.0,0.0,70.69,85.35,89.77,0.35,340.24,6.92,10.9,10.47,10.63,Customers
216,8,4,2,0,0.34,0.0,0.0,69.76,83.69,88.04,0.36,262.66,5.38,7.62,7.99,8.09,Weather & Environmental
217,8,5,3,0,0.01,0.0,0.0,70.08,84.46,75.82,0.45,290.75,6.19,10.98,10.65,10.38,3rd Party Operations
218,8,6,4,0,0.01,0.0,0.0,71.16,86.06,80.88,0.74,376.73,6.28,12.81,12.84,12.73,Police
219,8,7,5,1,0.24,0.0,0.0,69.9,84.91,78.19,0.57,351.83,7.21,12.26,11.92,12.68,Customers
220,8,8,6,1,0.03,0.0,0.0,72.5,87.14,80.93,0.39,388.45,6.24,17.47,17.72,16.26,Weather & Environmental
221,8,9,0,0,0.17,0.0,0.0,70.67,86.52,84.32,0.56,345.41,7.24,9.52,10.42,11.51,Engineering (Unscheduled)
222,8,10,1,0,0.14,0.0,0.0,71.33,85.1,75.8,0.26,322.0,7.65,13.45,12.2,11.92,Customers
223,8,11,2,0,0.53,0.0,0.0,70.37,83.85,80.64,0.51,351.16,7.19,10.99,12.13,12.82,Customers
224,8,12,3,0,0.2,0.0,0.0,70.08,85.56,76.59,0.55,347.49,6.81,10.72,10.23,10.76,Customers
225,8,13,4,0,0.34,0.0,0.0,69.38,81.68,95.5,0.87,377.7,5.65,13.2,12.92,12.23,Weather & Environmental
226,8,14,5,1,1.36,0.0,0.0,69.15,80.91,71.02,0.44,401.42,6.3,10.75,11.18,11.05,Customers
227,8,15,6,1,0.18,0.0,0.0,66.63,81.85,99.25,0.8,376.69,5.4,16.45,15.85,15.65,Maintenance of Equipment
228,8,16,0,0,0.03,0.0,0.0,71.12,85.67,87.18,0.55,409.01,6.68,9.58,10.9,11.52,Customers
229,8,17,1,0,0.23,0.0,0.0,70.83,87.07,77.51,0.36,395.63,7.25,10.48,10.2,10.64,Customers
230,8,18,2,0,0.13,0.0,0.0,68.65,84.32,69.28,0.47,284.23,6.75,20.97,19.41,16.56,Police
231,8,19,3,0,0.2,0.0,0.0,67.69,82.97,73.52,0.34,342.5,5.58,17.56,18.37,18.67,3rd Party Operations
232,8,20,4,0,0.04,0.0,0.0,70.92,83.36,75.19,0.28,363.83,6.83,11.74,12.16,14.0,Customers
233,8,21,5,1,0.31,0.0,0.0,69.35,84.91,94.9,0.9,394.41,6.25,12.17,12.14,12.38,Weather & Environmental
234,8,22,6,1,0.45,0.0,0.0,69.35,82.3,85.11,0.39,391.89,5.88,11.81,11.94,12.57,Customers
235,8,23,0,0,0.25,0.0,0.0,67.21,78.54,78.58,0.91,354.65,5.09,19.05,18.98,17.93,Police
236,8,24,1,0,0.01,0.0,0.0,65.83,78.48,50.6,0.5,342.85,5.71,10.78,10.92,12.02,Other
237,8,25,2,0,0.32,0.0,0.0,66.53,79.52,53.69,1.02,311.59,7.07,10.05,10.24,10.3,Other
238,8,26,3,0,0.02,0.0,0.0,68.1,83.57,67.91,0.6,336.42,5.8,9.67,9.6,9.9,Other
239,8,27,4,0,0.13,0.0,0.0,67.65,83.53,66.92,0.25,342.01,5.73,9.87,9.91,9.82,Other
240,8,28,5,1,0.05,0.0,0.0,67.65,83.17,70.81,0.36,345.08,6.45,9.13,9.36,9.62,Other
241,8,29,6,1,0.02,0.0,0.0,66.21,81.75,53.54,1.61,385.4,5.03,14.3,14.53,14.28,Weather & Environmental
242,8,30,0,0,0.02,0.0,0.0,68.78,85.63,72.4,0.35,349.96,6.04,11.59,10.84,10.74,Customers
243,8,31,1,0,0.01,0.0,0.0,70.68,86.57,77.29,0.86,383.14,5.55,10.83,10.62,10.62,Special Events
244,9,1,2,0,0.84,0.0,0.0,68.2,82.83,66.6,1.24,327.89,6.16,10.8,11.55,11.26,Special Events
245,9,2,3,0,0.05,0.0,0.0,68.45,83.79,79.22,0.24,274.06,6.6,15.82,15.64,14.95,Engineering (Unscheduled)
246,9,3,4,0,0.04,0.0,0.0,70.07,84.32,90.95,0.47,359.31,5.72,12.9,12.93,13.77,Engineering (Unscheduled)
247,9,4,5,1,0.03,0.0,0.0,69.34,84.43,96.4,0.72,382.77,5.39,11.29,11.27,11.43,Engineering (Unscheduled)
248,9,5,6,1,0.01,0.0,0.0,69.48,83.25,96.01,0.23,381.21,5.05,10.89,11.05,11.75,Capital Projects
249,9,6,0,0,0.74,0.0,0.0,64.19,78.57,73.28,0.29,358.02,5.39,11.35,11.32,10.72,3rd Party Operations
250,9,7,1,0,0.16,0.0,0.0,65.78,78.31,81.88,0.34,355.12,6.78,10.3,10.84,12.16,Maintenance of Equipment
251,9,8,2,0,0.28,0.0,0.0,65.24,81.56,60.7,0.42,374.95,5.28,10.61,10.4,9.58,3rd Party Operations
252,9,9,3,0,0.05,0.0,0.0,63.49,77.84,74.76,0.45,335.15,6.18,11.11,10.18,10.67,Other
253,9,10,4,0,0.72,0.0,0.0,64.0,75.56,95.46,0.13,368.9,6.11,10.66,10.46,10.5,Police
254,9,11,5,1,0.01,0.0,0.0,64.17,80.28,94.34,0.33,371.09,6.28,11.66,11.89,11.73,Engineering (Unscheduled)
255,9,12,6,1,0.38,0.0,0.0,64.79,80.44,105.09,0.62,406.97,6.53,10.54,10.82,11.16,Police
256,9,13,0,0,0.11,0.0,0.0,63.85,78.59,72.76,0.22,349.32,5.81,9.97,10.28,10.48,Customers
257,9,14,1,0,0.08,0.0,0.0,62.69,78.42,81.62,0.43,387.33,7.63,10.06,9.94,9.68,Customers
258,9,15,2,0,0.01,0.0,0.0,61.14,77.65,86.92,0.22,349.41,6.55,11.19,10.59,9.83,3rd Party Operations
259,9,16,3,0,0.08,0.0,0.0,61.65,78.12,93.77,0.23,409.48,6.42,17.06,15.06,14.81,3rd Party Operations
260,9,17,4,0,0.01,0.0,0.0,61.6,76.14,81.05,0.59,399.93,5.25,14.15,15.96,15.39,3rd Party Operations
261,9,18,5,1,0.21,0.0,0.0,64.62,78.77,101.73,0.27,325.62,7.21,12.25,12.77,12.79,Customers
262,9,19,6,1,0.08,0.0,0.0,60.47,74.29,66.53,0.25,305.65,6.16,10.1,11.0,12.49,Police
263,9,20,0,0,0.01,0.0,0.0,61.57,74.7,79.0,0.42,352.84,6.55,9.44,9.84,10.3,Customers
264,9,21,1,0,0.07,0.0,0.0,61.93,76.64,83.69,0.54,384.53,8.74,9.11,9.28,9.56,Customers
265,9,22,2,0,0.04,0.0,0.0,62.62,78.28,86.58,0.15,400.79,8.27,9.46,8.57,8.59,Customers
266,9,23,3,0,0.41,0.0,0.0,63.14,79.56,77.54,0.76,392.0,5.8,10.93,11.47,10.44,Customers
267,9,24,4,0,0.03,0.0,0.0,58.84,73.82,98.89,0.15,361.12,5.7,10.99,10.26,10.77,Customers
268,9,25,5,1,0.25,0.0,0.0,60.63,77.75,86.05,0.6,380.37,7.24,8.97,9.28,10.12,Customers
269,9,26,6,1,0.03,0.0,0.0,62.92,80.16,86.98,0.83,386.16,6.1,12.84,12.81,12.66,Other
270,9,27,0,0,0.1,0.0,0.0,62.14,76.04,84.53,0.46,383.48,6.55,8.91,9.59,9.73,Customers
271,9,28,1,0,0.32,0.0,0.0,61.9,73.94,80.17,1.05,395.07,7.61,9.08,9.16,9.44,Customers
272,9,29,2,0,0.13,0.0,0.0,60.9,72.81,60.59,0.46,351.38,6.09,11.22,10.85,10.84,Weather & Environmental
273,9,30,3,0,0.42,0.0,0.0,58.48,70.97,70.8,0.63,334.5,6.69,10.75,10.77,10.44,3rd Party Operations
274,10,1,4,0,0.62,0.0,0.0,57.83,70.97,75.03,0.35,381.75,5.56,10.05,10.09,9.95,Customers
275,10,2,5,1,0.35,0.0,0.0,56.22,69.62,107.51,1.23,380.51,6.23,8.99,9.3,9.76,Police
276,10,3,6,1,0.15,0.0,0.0,54.86,65.69,89.91,0.98,377.41,6.67,9.47,9.48,9.58,Customers
277,10,4,0,0,0.33,0.0,0.0,55.97,68.95,85.55,0.3,343.12,7.15,9.62,9.59,8.98,3rd Party Operations
278,10,5,1,0,0.01,0.0,0.0,55.67,70.29,94.98,0.58,416.0,7.48,13.74,13.05,12.43,Engineering (Unscheduled)
279,10,6,2,0,0.0,0.0,0.0,55.15,72.28,92.88,0.65,377.96,6.79,12.63,12.19,12.38,Police
280,10,7,3,0,0.11,0.0,0.0,57.74,73.71,86.34,0.08,376.47,6.46,10.3,11.76,11.88,Police
281,10,8,4,0,0.04,0.0,0.0,56.3,69.12,74.35,0.14,335.79,6.28,11.06,10.79,10.68,Customers
282,10,9,5,1,0.3,0.0,0.0,54.52,66.08,81.46,0.14,356.33,6.89,10.09,9.81,10.56,Engineering (Scheduled)
283,10,10,6,1,0.01,0.0,0.0,54.19,68.96,85.37,0.29,378.96,6.37,10.8,11.02,10.31,Engineering (Scheduled)
284,10,11,0,0,0.35,0.0,0.0,58.73,70.0,104.12,0.25,409.76,5.87,18.09,17.47,17.22,3rd Party Operations
285,10,12,1,0,0.16,0.0,0.0,52.54,65.28,66.65,0.86,321.24,6.35,10.71,11.72,13.11,Customers
286,10,13,2,0,0.23,0.0,0.0,53.48,63.36,54.15,0.22,209.94,6.01,10.52,9.98,9.57,Police
287,10,14,3,0,0.15,0.0,0.0,57.48,70.82,86.82,0.46,350.6,6.08,9.43,9.96,10.04,Customers
288,10,15,4,0,0.08,0.0,0.0,53.89,66.88,71.87,0.48,351.13,6.05,9.54,10.08,10.53,Engineering (Unscheduled)
289,10,16,5,1,0.44,0.0,0.0,51.82,65.41,99.33,0.26,377.0,5.62,11.8,10.77,10.25,Engineering (Unscheduled)
290,10,17,6,1,0.01,0.0,0.0,51.22,64.36,88.09,0.53,368.55,6.18,10.93,11.81,12.16,Customers
291,10,18,0,0,0.0,0.0,0.0,50.4,63.15,81.02,0.53,384.82,6.17,10.52,10.74,10.55,Customers
292,10,19,1,0,0.18,0.0,0.0,49.5,63.45,93.03,0.62,371.0,5.59,10.27,10.56,10.58,Maintenance of Equipment
293,10,20,2,0,0.04,0.0,0.0,51.93,65.37,81.46,0.45,311.42,5.99,9.96,9.44,10.17,Customers
294,10,21,3,0,0.12,0.0,0.0,52.76,67.56,92.67,0.12,356.71,4.98,10.79,11.26,10.88,Engineering (Unscheduled)
295,10,22,4,0,0.29,0.0,0.0,49.14,60.97,90.4,0.17,310.04,6.32,10.95,10.34,10.93,Maintenance of Equipment
296,10,23,5,1,0.03,0.0,0.0,51.98,64.47,98.37,0.82,328.41,6.66,9.65,9.6,9.08,Customers
297,10,24,6,1,0.09,0.0,0.0,53.45,64.45,91.42,0.6,380.49,5.98,11.05,11.19,10.77,Engineering (Unscheduled)
298,10,25,0,0,0.01,0.0,0.0,52.09,65.55,67.68,0.43,331.48,5.36,10.11,10.26,11.2,Customers
299,10,26,1,0,0.14,0.0,0.0,48.91,59.9,83.57,0.29,353.79,5.99,11.98,11.04,10.8,Maintenance of Equipment
300,10,27,2,0,0.43,0.0,0.0,50.02,62.4,71.81,0.17,328.05,5.66,11.71,12.32,10.08,Weather & Environmental
301,10,28,3,0,0.29,0.0,0.0,50.08,63.34,85.06,1.2,379.69,5.55,10.2,10.34,11.5,Engineering (Unscheduled)
302,10,29,4,0,0.56,0.44,0.0,47.07,59.2,68.42,0.27,362.0,6.1,10.22,10.3,10.83,Weather & Environmental
303,10,30,5,1,0.16,0.0,0.0,46.13,58.47,110.09,0.18,341.54,5.0,9.76,9.35,9.57,Police
304,10,31,6,1,0.17,0.0,0.0,49.46,62.85,81.95,0.53,372.77,7.35,10.92,11.13,10.36,Customers
305,11,1,0,0,0.07,0.0,0.0,46.86,64.6,106.49,0.45,387.36,6.13,11.63,11.7,11.89,Weather & Environmental
306,11,2,1,0,0.06,0.0,0.0,50.19,60.29,71.2,0.16,347.19,5.42,11.77,11.97,11.89,Weather & Environmental
307,11,3,2,0,0.05,0.0,0.0,46.43,62.26,67.58,0.5,334.47,6.01,10.39,9.64,11.07,Customers
308,11,4,3,0,0.04,0.0,0.0,43.88,58.11,78.71,0.38,314.09,5.49,9.44,10.06,9.69,Engineering (Unscheduled)
309,11,5,4,0,0.09,0.0,0.0,46.0,55.4,78.06,0.4,386.54,4.51,11.83,11.01,10.81,Other
310,11,6,5,1,0.12,0.0,0.0,49.42,60.96,94.53,0.52,363.06,4.64,10.39,10.37,10.84,Customers
311,11,7,0,0,0.5,1.52,0.0,39.62,52.97,106.08,0.29,422.96,4.11,12.04,11.87,12.08,Weather & Environmental
312,11,8,0,0,0.01,0.06,0.63,40.2,52.68,86.62,0.43,406.66,4.71,13.8,13.84,12.87,Weather & Environmental
313,11,9,1,0,0.12,0.0,0.0,41.62,55.44,83.39,1.14,343.4,4.6,10.9,11.39,11.84,Weather & Environmental
314,11,10,2,0,0.04,0.0,0.0,41.94,57.46,82.32,0.38,328.82,6.09,10.67,10.02,10.59,Customers
315,11,11,3,0,0.2,0.0,0.0,46.53,59.05,71.52,0.32,291.4,6.5,10.28,10.95,10.4,Customers
316,11,12,4,0,0.06,0.0,0.0,41.42,58.9,92.77,0.16,319.97,4.6,11.28,11.02,11.33,Weather & Environmental
317,11,13,5,1,0.25,0.0,0.0,36.78,50.4,101.31,0.35,348.21,4.88,10.1,10.33,10.28,Other
318,11,14,6,1,0.0,0.0,0.0,38.73,50.07,93.45,0.61,301.94,5.6,10.45,10.17,10.04,Customers
319,11,15,0,0,0.48,1.48,0.0,39.55,51.94,89.73,0.66,350.41,5.27,11.74,11.78,11.46,Weather & Environmental
320,11,16,1,0,0.12,0.0,0.37,43.19,55.44,79.63,0.21,303.15,5.59,10.45,10.85,11.66,Engineering (Unscheduled)
321,11,17,2,0,0.47,0.0,0.14,40.43,52.56,92.5,0.22,351.38,5.43,10.33,9.57,9.24,Maintenance of Equipment
322,11,18,3,0,0.09,0.0,0.0,37.32,49.73,77.4,0.54,254.2,5.51,10.82,10.7,10.37,Engineering (Unscheduled)
323,11,19,4,0,0.19,0.0,0.0,38.32,50.1,97.46,0.51,333.1,5.4,10.22,10.03,10.21,3rd Party Operations
324,11,20,5,1,0.01,0.0,0.0,36.21,47.72,108.63,0.21,347.28,4.46,13.45,13.96,12.66,Maintenance of Equipment
325,11,21,6,1,0.0,0.0,0.0,35.12,46.96,100.19,0.42,338.56,5.17,12.75,12.05,12.4,Customers
326,11,22,0,0,0.1,0.0,0.0,34.58,47.57,79.26,0.15,365.69,5.1,15.51,16.22,16.29,3rd Party Operations
327,11,23,1,0,0.06,0.0,0.0,31.57,45.55,73.3,0.31,340.73,4.92,10.55,10.57,11.34,Weather & Environmental
328,11,24,2,0,0.33,0.0,0.0,37.98,51.83,84.63,0.23,343.76,4.65,11.6,11.81,11.61,Weather & Environmental
329,11,25,3,0,0.05,0.0,0.0,37.88,50.67,92.8,0.32,344.96,4.55,9.05,9.42,10.26,Engineering (Unscheduled)
330,11,26,4,0,0.51,0.04,0.0,38.25,51.8,118.21,0.62,338.18,3.9,10.27,9.83,9.51,Weather & Environmental
331,11,27,5,1,0.44,0.0,0.0,39.9,52.48,95.1,0.48,373.09,4.67,8.82,9.03,8.94,Other
332,11,28,6,1,0.0,0.0,0.0,36.03,47.55,70.16,0.33,304.49,4.86,10.58,10.25,10.0,Weather & Environmental
333,11,29,0,0,0.67,0.0,0.0,40.71,51.6,82.82,0.24,325.27,4.79,10.27,10.55,10.53,Police
334,11,30,1,0,0.15,0.0,0.0,38.44,50.95,87.86,0.06,340.68,5.04,9.78,9.36,10.16,Police
335,12,1,2,0,0.21,0.0,0.0,39.98,54.18,89.65,0.43,332.12,4.79,12.8,13.1,11.9,Other
336,12,2,3,0,0.11,0.2,0.0,37.98,47.8,81.51,0.28,315.99,5.7,9.83,10.54,10.87,Customers
337,12,3,4,0,0.02,0.07,0.27,39.87,48.03,89.71,0.52,359.76,5.01,10.35,10.11,10.07,Customers
338,12,4,5,1,0.01,0.0,0.0,38.46,49.15,96.21,0.33,341.5,4.62,9.1,9.01,10.01,Customers
339,12,5,6,1,0.39,0.0,0.0,41.72,52.58,113.84,0.35,387.81,4.77,11.26,11.04,10.95,Weather & Environmental
340,12,6,0,0,0.33,0.0,0.0,36.54,51.56,100.09,0.19,307.91,5.08,11.33,11.28,10.88,Other
341,12,7,1,0,0.12,0.0,0.0,36.05,45.06,96.43,0.28,336.12,5.08,9.87,10.21,10.53,Customers
342,12,8,2,0,0.04,0.03,0.0,31.92,41.4,91.1,0.22,338.69,5.54,10.56,9.86,10.22,Customers
343,12,9,3,0,1.15,0.24,0.0,35.21,43.98,96.74,0.22,359.79,4.65,11.39,11.56,11.23,Other
344,12,10,4,0,0.05,0.28,0.18,33.81,45.29,89.43,0.49,367.36,4.62,9.69,10.26,9.93,Maintenance of Equipment
345,12,11,5,1,0.08,0.05,0.35,34.86,45.83,101.31,0.22,352.6,4.87,10.26,10.12,10.49,Other
346,12,12,6,1,0.16,0.0,0.0,33.39,43.9,98.6,0.58,387.17,5.39,11.2,11.13,10.84,3rd Party Operations
347,12,13,0,0,0.11,0.0,0.0,31.84,43.97,98.66,0.64,383.12,5.2,9.59,10.15,10.48,Customers
348,12,14,1,0,0.17,0.61,0.22,30.31,39.84,78.23,0.59,348.46,4.32,11.2,10.49,10.54,Engineering (Unscheduled)
349,12,15,2,0,0.09,0.27,0.32,32.88,42.77,108.28,0.55,396.98,5.65,11.7,12.35,11.75,Weather & Environmental
350,12,16,3,0,0.36,1.6,0.29,29.33,38.09,82.53,0.32,298.69,5.05,12.25,12.16,12.99,Weather & Environmental
351,12,17,4,0,0.43,1.2,2.38,30.56,38.55,90.5,0.42,311.71,3.95,10.88,10.73,10.27,Weather & Environmental
352,12,18,5,1,0.05,0.13,1.02,29.05,42.31,98.06,0.45,387.52,4.05,9.82,10.13,10.21,Engineering (Unscheduled)
353,12,19,6,1,0.0,0.0,0.6,29.15,40.61,90.87,0.38,371.1,4.07,10.51,9.88,10.27,Customers
354,12,20,0,0,0.02,0.0,0.36,28.94,41.25,87.36,0.06,378.6,4.5,12.99,13.19,12.01,Engineering (Unscheduled)
355,12,21,1,0,0.42,0.0,0.7,37.45,50.71,87.84,0.29,352.83,4.82,11.42,11.17,12.03,Special Events
356,12,22,2,0,0.04,0.0,0.13,35.24,45.66,78.21,0.3,319.7,3.47,10.56,10.61,10.3,3rd Party Operations
357,12,23,3,0,0.65,0.0,0.14,32.38,51.23,76.03,0.36,251.86,4.92,10.18,9.61,10.13,External Factors
358,12,24,4,0,0.17,0.0,0.04,37.51,47.69,64.88,0.27,332.01,3.31,13.16,12.97,11.76,Special Events
359,12,25,5,1,0.12,0.0,0.0,31.89,45.34,37.56,0.38,261.52,2.88,14.05,14.59,13.48,Police
360,12,26,6,1,0.36,2.91,0.0,28.5,37.79,49.04,1.52,306.92,2.98,11.95,12.15,14.28,Weather & Environmental
361,12,27,1,0,0.21,0.0,0.0,33.63,44.14,78.81,0.35,339.25,3.91,11.55,11.69,9.26,Engineering (Unscheduled)
362,12,28,2,0,0.08,0.0,0.0,23.26,32.76,84.53,0.58,396.96,3.98,15.3,15.08,15.1,Engineering (Unscheduled)
363,12,29,2,0,0.15,0.0,4.4,27.94,38.06,48.34,0.33,357.84,3.36,9.34,10.51,12.03,Engineering (Unscheduled)
364,12,30,3,0,0.08,0.03,2.5,32.0,42.15,53.27,0.31,301.59,3.28,10.8,10.01,9.55,Customers
365,12,31,4,0,0.16,0.0,1.06,33.63,42.46,74.59,0.68,357.91,3.18,15.04,14.39,13.78,Police
